priority,case_id,molecule_id,conformer_id,heavy_atom_count,runtime_ms,status,evaluator_decision,evaluator_relation,reference_smiles,predicted_smiles,proposed_verdict,proposed_reason,confidence,matched_rule,canonical_signature,evidence_summary,blockers,needs_human_review
non_equivalent;large_molecule_failure;runtime_outlier_top20,geom-drugs-c1de119f3ab63c9f-c252,c1de119f3ab63c9f,252,72,42.32388100354001,ok,not_equivalent,none,C#CCOCCOCCOCCNc1nc(N2CCN(C(=O)[C@H](Cc3ccc(O)cc3)n3cc(C(N)CC(C)C)nn3)CC2)nc(N2CCN(C(=O)[C@H](CCC(=O)O)n3cc(C(N)[C@H](C)CC)nn3)CC2)n1,C#CCOCCOCCOCCNc1nc(N2CCN(C(=O)[C@H](Cc3ccc(O)cc3)n3cc([C@H]([NH3+])CC(C)C)nn3)CC2)nc(N2CCN(C(=O)[C@H](CCC(=O)[O-])n3cc([C@@H](N)[C@H](C)CC)nn3)CC2)n1,manual_blocked,evaluator v1 reports a strict graph mismatch,high,,f326e4220b8737bcf156,status=ok; decision=not_equivalent; relation=none; charge=True; radicals=True,no_verified_candidate_to_xyz_mapping;no_approved_representation_rule,True
non_equivalent;suspected_tautomer_protomer,geom-drugs-e62270d3a88b939d-c0,e62270d3a88b939d,0,36,19.90793900040444,ok,not_equivalent,none,CCOc1ccc(N=C(/C(C(=O)C(=O)N2CCOCC2)=C(\O)c2ccccc2)c2ccccc2)cc1,CCOc1ccc(NC(=C(C(=O)C(=O)N2CCOCC2)C(=O)c2ccccc2)c2ccccc2)cc1,manual_blocked,tautomer canonicalization agrees; evaluator v1 remains authoritative,medium,,356addbc88609dfb0186,status=ok; decision=not_equivalent; relation=none; charge=True; radicals=True,no_verified_candidate_to_xyz_mapping;no_approved_representation_rule,True
non_equivalent,geom-drugs-dc848a02977e6dfc-c12,dc848a02977e6dfc,12,35,18.469107999408152,ok,not_equivalent,none,COC(=O)C1C(O)=C(C=NCC(C)N=CC2=C(O)C(C(=O)OC)C(C)(C)CC2=O)C(=O)CC1(C)C,COC(=O)[C@H]1C(=O)C(=CNC[C@@H](C)NC=C2C(=O)CC(C)(C)[C@@H](C(=O)OC)C2=O)C(=O)CC1(C)C,manual_blocked,evaluator v1 reports a strict graph mismatch,high,,cf49809df1f6ab63d540,status=ok; decision=not_equivalent; relation=none; charge=True; radicals=True,no_verified_candidate_to_xyz_mapping;no_approved_representation_rule,True
non_equivalent,geom-drugs-d41de26bf80cac4c-c0,d41de26bf80cac4c,0,33,14.698573002533522,ok,not_equivalent,none,O=c1[nH]c(=O)n(-c2ccc(Cl)cc2)c(O)c1C=Nc1ccc(S(=O)(=O)Nc2nccs2)cc1,O=C1NC(=O)N(c2ccc(Cl)cc2)C(=O)C1=CNc1ccc([S+2]([O-])([O-])Nc2nccs2)cc1,manual_blocked,evaluator v1 reports a strict graph mismatch,high,,6f97f65f7b08a925e91b,status=ok; decision=not_equivalent; relation=none; charge=True; radicals=True,no_verified_candidate_to_xyz_mapping;no_approved_representation_rule,True
non_equivalent,geom-drugs-11e00a0152598f64-c0,11e00a0152598f64,0,33,13.815035999868996,ok,not_equivalent,none,Cc1cccc[n+]1C1C(c2ccc([N+](=O)[O-])cc2)C(C#N)=C(C(=C=[N-])C#N)NC1(O)C1CC1,CC1=CC=C[C@H]2N1[C@H]1[C@H](c3ccc([N+](=O)[O-])cc3)[C@]2(C#N)C(=C(C#N)C#N)N[C@]1(O)C1CC1,manual_blocked,evaluator v1 reports a strict graph mismatch,high,,d98e50708b91435ade15,status=ok; decision=not_equivalent; relation=none; charge=True; radicals=True,no_verified_candidate_to_xyz_mapping;no_approved_representation_rule,True
non_equivalent,geom-drugs-feb23a11d0c7304c-c0,feb23a11d0c7304c,0,32,17.75137100048596,ok,not_equivalent,none,CCOC(=O)C1=NN(c2ccc(Cl)cc2)/C(=C/C2=NCCc3cc(OC)c(OC)cc32)S1,CCOC(=O)C1=NN(c2ccc(Cl)cc2)C2=C[C-]3c4cc(OC)c(OC)cc4CCN3[S@SP1+]21,manual_blocked,evaluator v1 reports a strict graph mismatch,high,,19fe65dfe1050a88ecf0,status=ok; decision=not_equivalent; relation=none; charge=True; radicals=True,no_verified_candidate_to_xyz_mapping;no_approved_representation_rule,True
non_equivalent,geom-drugs-7811a5cbe0cb7b64-c0,7811a5cbe0cb7b64,0,31,14.503461999993306,ok,not_equivalent,none,O=C(N=Nc1c(O)[nH]c2ccccc12)c1cccc(S(=O)(=O)Nc2ccccc2Cl)c1,O=C1Nc2ccccc2C1=NN=C(O)c1cccc([S+2]([O-])([O-])Nc2ccccc2Cl)c1,manual_blocked,evaluator v1 reports a strict graph mismatch,high,,4d1aebff80ed46001dd9,status=ok; decision=not_equivalent; relation=none; charge=True; radicals=True,no_verified_candidate_to_xyz_mapping;no_approved_representation_rule,True
non_equivalent,geom-drugs-64eff103ef5704fd-c0,64eff103ef5704fd,0,30,18.519370998546947,ok,not_equivalent,none,N=c1n(CCN2CCOCC2)c2ccccc2n1CC(=O)c1cccc([N+](=O)[O-])c1,O=C1C[n+]2c(n(CCN3CCOCC3)c3ccccc32)N[C@@H]2C1=CC=CC2=[N+]([O-])[O-],manual_blocked,evaluator v1 reports a strict graph mismatch,high,,635777efc6c565eda00d,status=ok; decision=not_equivalent; relation=none; charge=True; radicals=True,no_verified_candidate_to_xyz_mapping;no_approved_representation_rule,True
non_equivalent;suspected_tautomer_protomer,geom-drugs-c38eee9e70fd76fb-c0,c38eee9e70fd76fb,0,29,14.226544000848662,ok,not_equivalent,none,Cc1cccc(-n2c(O)c(C=Nc3cc(O)ccc3C)c3ccccc3c2=O)n1,Cc1cccc(N2C(=O)C(=CNc3cc(O)ccc3C)c3ccccc3C2=O)n1,manual_blocked,tautomer canonicalization agrees; evaluator v1 remains authoritative,medium,,472d6188418f02f7450c,status=ok; decision=not_equivalent; relation=none; charge=True; radicals=True,no_verified_candidate_to_xyz_mapping;no_approved_representation_rule,True
non_equivalent;suspected_tautomer_protomer,geom-drugs-c673a1be82bb9076-c0,c673a1be82bb9076,0,29,13.793748999887612,ok,not_equivalent,none,CC(=NCc1ccc2c(c1)OCO2)c1c(O)n(-c2ccc(C)cc2)c(=O)[nH]c1=O,CC(NCc1ccc2c(c1)OCO2)=C1C(=O)NC(=O)N(c2ccc(C)cc2)C1=O,manual_blocked,tautomer canonicalization agrees; evaluator v1 remains authoritative,medium,,83ed17477e7caa39871c,status=ok; decision=not_equivalent; relation=none; charge=True; radicals=True,no_verified_candidate_to_xyz_mapping;no_approved_representation_rule,True
non_equivalent;suspected_tautomer_protomer,geom-drugs-63a0a6824bf3b57f-c0,63a0a6824bf3b57f,0,29,13.331383997865487,ok,not_equivalent,none,O=c1[nH]c(=S)n(Cc2ccc(F)cc2)c(O)c1C=NCc1ccc2c(c1)OCO2,O=C1NC(=S)N(Cc2ccc(F)cc2)C(=O)C1=CNCc1ccc2c(c1)OCO2,manual_blocked,tautomer canonicalization agrees; evaluator v1 remains authoritative,medium,,2429d13991758d4cea80,status=ok; decision=not_equivalent; relation=none; charge=True; radicals=True,no_verified_candidate_to_xyz_mapping;no_approved_representation_rule,True
non_equivalent,geom-drugs-708e31ea201b3df4-c0,708e31ea201b3df4,0,29,12.239598996529821,ok,not_equivalent,none,COc1cccc(NC(=S)/C(=C(\[O-])c2ccc([N+](=O)[O-])cc2)[n+]2ccccc2)c1,COc1cccc(NC2=C(C(=O)c3ccc([N+](=O)[O-])cc3)N3C=CC=C[C@H]3S2)c1,manual_blocked,evaluator v1 reports a strict graph mismatch,high,,f22d964a21e0438b3373,status=ok; decision=not_equivalent; relation=none; charge=True; radicals=True,no_verified_candidate_to_xyz_mapping;no_approved_representation_rule,True
non_equivalent,geom-drugs-cfce5f2fff54950f-c0,cfce5f2fff54950f,0,28,14.984834000642877,ok,not_equivalent,none,Cc1ccc(-n2c(O)c(C=Nc3ccc(S(N)(=O)=O)cc3)c(=O)[nH]c2=O)cc1,Cc1ccc(N2C(=O)NC(=O)C(=CNc3ccc([S+2](N)([O-])[O-])cc3)C2=O)cc1,manual_blocked,evaluator v1 reports a strict graph mismatch,high,,8a8064e4aedeb274848f,status=ok; decision=not_equivalent; relation=none; charge=True; radicals=True,no_verified_candidate_to_xyz_mapping;no_approved_representation_rule,True
non_equivalent,geom-drugs-536c80cb6660fd4b-c0,536c80cb6660fd4b,0,28,13.436576999083627,ok,not_equivalent,none,O=[N+]([O-])c1cccc(/C([O-])=C(/C(=S)Nc2ccccc2F)[n+]2ccccc2)c1,O=C(C1=C(Nc2ccccc2F)S[C@H]2C=CC=CN12)c1cccc([N+](=O)[O-])c1,manual_blocked,evaluator v1 reports a strict graph mismatch,high,,6b038962cbed46c43434,status=ok; decision=not_equivalent; relation=none; charge=True; radicals=True,no_verified_candidate_to_xyz_mapping;no_approved_representation_rule,True
non_equivalent,geom-drugs-e32df06057e6ee1f-c0,e32df06057e6ee1f,0,26,14.972313001635484,ok,not_equivalent,none,CCCn1c(O)c2ccc(C(=O)N=NC(=O)c3cccnc3)cc2c1O,CCCn1c(O)c2c(c1O)[C@H]1[C+](C=C2)C(=O)N2[C@H]3C=CN=CC3=C([O-])N12,manual_blocked,evaluator v1 reports a strict graph mismatch,high,,e46d35ac64c18c61c50f,status=ok; decision=not_equivalent; relation=none; charge=True; radicals=True,no_verified_candidate_to_xyz_mapping;no_approved_representation_rule,True
non_equivalent,geom-drugs-0630799dca87af3e-c0,0630799dca87af3e,0,26,13.396480004303157,ok,not_equivalent,none,Cc1ccc(C)c(NC(=S)/C(=C(\[O-])c2ccc(Cl)s2)[n+]2ccccc2)c1,Cc1ccc(C)c(NC2=C(C(=O)c3ccc(Cl)s3)N3C=CC=C[C@H]3S2)c1,manual_blocked,evaluator v1 reports a strict graph mismatch,high,,ce31b1abbdbe1257902a,status=ok; decision=not_equivalent; relation=none; charge=True; radicals=True,no_verified_candidate_to_xyz_mapping;no_approved_representation_rule,True
non_equivalent;suspected_tautomer_protomer,geom-drugs-5226518d861db7aa-c0,5226518d861db7aa,0,26,12.979879997146782,ok,not_equivalent,none,Cc1c(N=Cc2c(O)n(C)c(=O)[nH]c2=O)c(=O)n(-c2ccccc2)n1C,Cc1c(NC=C2C(=O)NC(=O)N(C)C2=O)c(=O)n(-c2ccccc2)n1C,manual_blocked,tautomer canonicalization agrees; evaluator v1 remains authoritative,medium,,060f1fa4c887b0c43959,status=ok; decision=not_equivalent; relation=none; charge=True; radicals=True,no_verified_candidate_to_xyz_mapping;no_approved_representation_rule,True
non_equivalent;suspected_tautomer_protomer,geom-drugs-682375b0de9f19fd-c0,682375b0de9f19fd,0,26,12.870817001385149,ok,not_equivalent,none,CCCCn1c(O)c(C(=O)/C=C/c2ccc3c(c2)OCO3)c(=O)[nH]c1=O,CCCCN1C(=O)NC(=O)C(=C(O)C=Cc2ccc3c(c2)OCO3)C1=O,manual_blocked,tautomer canonicalization agrees; evaluator v1 remains authoritative,medium,,01bdc7fb17a9c92a4104,status=ok; decision=not_equivalent; relation=none; charge=True; radicals=True,no_verified_candidate_to_xyz_mapping;no_approved_representation_rule,True
non_equivalent,geom-drugs-7ab15a4f2b254195-c0,7ab15a4f2b254195,0,26,12.866459001088515,ok,not_equivalent,none,CCOC(=O)CC(=O)CSc1nc2c(c(-c3cccs3)c1C#N)CCC2,CCOC(=O)C[C@@]1([O-])CSc2c(C#N)c(-c3cccs3)c3c([n+]21)CCC3,manual_blocked,evaluator v1 reports a strict graph mismatch,high,,9748adafd81f8c61e27e,status=ok; decision=not_equivalent; relation=none; charge=True; radicals=True,no_verified_candidate_to_xyz_mapping;no_approved_representation_rule,True
non_equivalent;suspected_tautomer_protomer,geom-drugs-43875e74aa7e65e2-c0,43875e74aa7e65e2,0,26,12.796069997421,ok,not_equivalent,none,Cc1cccc(NC(=O)Cn2c(O)c(N=NC(N)=S)c3ccccc32)c1,Cc1cccc(NC(=O)CN2C(=O)C(=NNC(N)=S)c3ccccc32)c1,manual_blocked,tautomer canonicalization agrees; evaluator v1 remains authoritative,medium,,5a4bfad0b0c2e39769bd,status=ok; decision=not_equivalent; relation=none; charge=True; radicals=True,no_verified_candidate_to_xyz_mapping;no_approved_representation_rule,True
non_equivalent;suspected_tautomer_protomer,geom-drugs-07c2fce55f5c699d-c0,07c2fce55f5c699d,0,26,12.110500996641349,ok,not_equivalent,none,CCC(=NCc1cc(OC)cc(OC)c1)c1c(O)n(C)c(=O)n(C)c1=O,CCC(NCc1cc(OC)cc(OC)c1)=C1C(=O)N(C)C(=O)N(C)C1=O,manual_blocked,tautomer canonicalization agrees; evaluator v1 remains authoritative,medium,,8dbda1dda79f5fe28487,status=ok; decision=not_equivalent; relation=none; charge=True; radicals=True,no_verified_candidate_to_xyz_mapping;no_approved_representation_rule,True
non_equivalent;suspected_tautomer_protomer,geom-drugs-21177ef262f03153-c0,21177ef262f03153,0,26,10.792412002047058,ok,not_equivalent,none,Cc1ccccc1NCC(=O)N=Nc1c(O)[nH]c2ccc([N+](=O)[O-])cc12,Cc1ccccc1NCC(O)=NN=C1C(=O)Nc2ccc([N+](=O)[O-])cc21,manual_blocked,tautomer canonicalization agrees; evaluator v1 remains authoritative,medium,,71e471db13f04eb77b33,status=ok; decision=not_equivalent; relation=none; charge=True; radicals=True,no_verified_candidate_to_xyz_mapping;no_approved_representation_rule,True
non_equivalent;suspected_tautomer_protomer,geom-drugs-d169436cebfbc5a0-c0,d169436cebfbc5a0,0,25,15.09722299670102,ok,not_equivalent,none,CCN(CC)CCN=Cc1c(O)n(C2CCCCCC2)c(=O)[nH]c1=O,CCN(CC)CCNC=C1C(=O)NC(=O)N(C2CCCCCC2)C1=O,manual_blocked,tautomer canonicalization agrees; evaluator v1 remains authoritative,medium,,52b996e30a4dd6182282,status=ok; decision=not_equivalent; relation=none; charge=True; radicals=True,no_verified_candidate_to_xyz_mapping;no_approved_representation_rule,True
non_equivalent;suspected_tautomer_protomer,geom-drugs-29d0967da020c2ef-c0,29d0967da020c2ef,0,25,14.631817997724283,ok,not_equivalent,none,Cn1c(O)c(C=Nc2ccc(N3CCOCC3)cc2)c(=O)n(C)c1=S,CN1C(=O)C(=CNc2ccc(N3CCOCC3)cc2)C(=O)N(C)C1=S,manual_blocked,tautomer canonicalization agrees; evaluator v1 remains authoritative,medium,,11c764b77917f6d9b754,status=ok; decision=not_equivalent; relation=none; charge=True; radicals=True,no_verified_candidate_to_xyz_mapping;no_approved_representation_rule,True
non_equivalent;suspected_tautomer_protomer,geom-drugs-b5b7f3086fbaa807-c0,b5b7f3086fbaa807,0,25,13.87739900383167,ok,not_equivalent,none,C=CCn1c(=O)c(C=Nc2cccnc2Cl)c(O)n(CCCC)c1=O,C=CCN1C(=O)C(=CNc2cccnc2Cl)C(=O)N(CCCC)C1=O,manual_blocked,tautomer canonicalization agrees; evaluator v1 remains authoritative,medium,,9540b423697fba417b88,status=ok; decision=not_equivalent; relation=none; charge=True; radicals=True,no_verified_candidate_to_xyz_mapping;no_approved_representation_rule,True
non_equivalent;suspected_tautomer_protomer,geom-drugs-d9dfa0d0b34dcf24-c0,d9dfa0d0b34dcf24,0,25,13.125829995260574,ok,not_equivalent,none,CCn1c(O)c(N=NC(=O)CNc2cccc(C)c2)c2ccccc21,CCN1C(=O)C(=NNC(=O)CNc2cccc(C)c2)c2ccccc21,manual_blocked,tautomer canonicalization agrees; evaluator v1 remains authoritative,medium,,bb46990f7cbff02bb88c,status=ok; decision=not_equivalent; relation=none; charge=True; radicals=True,no_verified_candidate_to_xyz_mapping;no_approved_representation_rule,True
non_equivalent;suspected_tautomer_protomer,geom-drugs-d9a6dafeb017f7ea-c0,d9a6dafeb017f7ea,0,25,12.397772996337153,ok,not_equivalent,none,CCN(CC)CCN=Cc1c(O)n(Cc2ccccc2)c(=O)[nH]c1=O,CCN(CC)CCNC=C1C(=O)NC(=O)N(Cc2ccccc2)C1=O,manual_blocked,tautomer canonicalization agrees; evaluator v1 remains authoritative,medium,,e8883cbd0707cb466519,status=ok; decision=not_equivalent; relation=none; charge=True; radicals=True,no_verified_candidate_to_xyz_mapping;no_approved_representation_rule,True
non_equivalent;suspected_tautomer_protomer,geom-drugs-a991c3b479108899-c0,a991c3b479108899,0,25,11.164079995069187,ok,not_equivalent,none,O=C(Cn1ccc(C(F)(F)F)n1)N=Nc1c(O)[nH]c2ccc(Br)cc12,O=C1Nc2ccc(Br)cc2C1=NN=C(O)Cn1ccc(C(F)(F)F)n1,manual_blocked,tautomer canonicalization agrees; evaluator v1 remains authoritative,medium,,551ced0d34aac76a53aa,status=ok; decision=not_equivalent; relation=none; charge=True; radicals=True,no_verified_candidate_to_xyz_mapping;no_approved_representation_rule,True
non_equivalent,geom-drugs-7256dde18a23e088-c0,7256dde18a23e088,0,24,14.4731340042199,ok,not_equivalent,none,Oc1ccccc1C=Nc1ccccc1-c1nc2ccccc2[nH]1,Oc1ccccc1[C@H]1N=c2ccccc2=C2Nc3ccccc3N21,manual_blocked,evaluator v1 reports a strict graph mismatch,high,,86a85084e8928a721e77,status=ok; decision=not_equivalent; relation=none; charge=True; radicals=True,no_verified_candidate_to_xyz_mapping;no_approved_representation_rule,True
non_equivalent;suspected_tautomer_protomer,geom-drugs-d739b539db23a2d8-c0,d739b539db23a2d8,0,24,14.176194999890868,ok,not_equivalent,none,Cn1c(O)c(C=NC2C(=O)C3(C)CCC2C3(C)C)c(=O)n(C)c1=O,CN1C(=O)C(=CN[C@H]2C(=O)[C@]3(C)CC[C@H]2C3(C)C)C(=O)N(C)C1=O,manual_blocked,tautomer canonicalization agrees; evaluator v1 remains authoritative,medium,,dbfe249578cf2497d53f,status=ok; decision=not_equivalent; relation=none; charge=True; radicals=True,no_verified_candidate_to_xyz_mapping;no_approved_representation_rule,True
non_equivalent,geom-drugs-571de74e9a3c45c2-c0,571de74e9a3c45c2,0,24,11.03414100361988,ok,not_equivalent,none,Cc1cc[n+](-c2[nH]c(=O)sc2/C=N/N=C(\[O-])c2ccccc2)cc1,CC1=C[C@@H]2N(C=C1)c1[nH]c(=O)sc1[C@@H]1OC(c3ccccc3)=NN21,manual_blocked,evaluator v1 reports a strict graph mismatch,high,,c755eab1c6e52aa90c2a,status=ok; decision=not_equivalent; relation=none; charge=True; radicals=True,no_verified_candidate_to_xyz_mapping;no_approved_representation_rule,True
non_equivalent,geom-drugs-233f267493b0d0c1-c0,233f267493b0d0c1,0,23,11.869866000779439,ok,not_equivalent,none,N=C1/C(=C\c2coc3ccccc3c2=O)C(=O)N=C2SC=CN12,O=C1C2=Cc3c(n4ccsc4nc3=O)N[C@H]2Oc2ccccc21,manual_blocked,evaluator v1 reports a strict graph mismatch,high,,0f5393c0e2b572dc3f0a,status=ok; decision=not_equivalent; relation=none; charge=True; radicals=True,no_verified_candidate_to_xyz_mapping;no_approved_representation_rule,True
non_equivalent;suspected_tautomer_protomer,geom-drugs-4b0c407ef20e1505-c8,4b0c407ef20e1505,8,23,10.759599004813936,ok,not_equivalent,none,O=Nc1c(O)n(Cc2cccc(C(F)(F)F)c2)c2ccccc12,O=C1C(=NO)c2ccccc2N1Cc1cccc(C(F)(F)F)c1,manual_blocked,tautomer canonicalization agrees; evaluator v1 remains authoritative,medium,,cc7871c240d7dea0a53f,status=ok; decision=not_equivalent; relation=none; charge=True; radicals=True,no_verified_candidate_to_xyz_mapping;no_approved_representation_rule,True
non_equivalent;suspected_tautomer_protomer,geom-drugs-6fd09996c4380544-c0,6fd09996c4380544,0,22,12.819773000956047,ok,not_equivalent,none,CC1(C)CC(=O)C(C2=NC(C)(C)Cc3ccccc32)=C(O)C1,CC1(C)CC(=O)C(=C2NC(C)(C)Cc3ccccc32)C(=O)C1,manual_blocked,tautomer canonicalization agrees; evaluator v1 remains authoritative,medium,,d59e370182cc2f99075f,status=ok; decision=not_equivalent; relation=none; charge=True; radicals=True,no_verified_candidate_to_xyz_mapping;no_approved_representation_rule,True
non_equivalent;suspected_tautomer_protomer,geom-drugs-9c6132f5b14110bf-c0,9c6132f5b14110bf,0,22,11.137246001453605,ok,not_equivalent,none,CSc1ccccc1N=Cc1nc(-c2ccccc2)oc1O,CSc1ccccc1NC=C1N=C(c2ccccc2)OC1=O,manual_blocked,tautomer canonicalization agrees; evaluator v1 remains authoritative,medium,,4d6e886f6944daf8f5b5,status=ok; decision=not_equivalent; relation=none; charge=True; radicals=True,no_verified_candidate_to_xyz_mapping;no_approved_representation_rule,True
non_equivalent;suspected_tautomer_protomer,geom-drugs-830922aa8d367f23-c0,830922aa8d367f23,0,22,10.61869399563875,ok,not_equivalent,none,O=c1[nH]c(=O)n(Cc2ccccc2)c(O)c1C=NCCCO,O=C1NC(=O)N(Cc2ccccc2)C(=O)C1=CNCCCO,manual_blocked,tautomer canonicalization agrees; evaluator v1 remains authoritative,medium,,50dd11f3b49f05a96453,status=ok; decision=not_equivalent; relation=none; charge=True; radicals=True,no_verified_candidate_to_xyz_mapping;no_approved_representation_rule,True
non_equivalent;suspected_tautomer_protomer,geom-drugs-82c3f6e5af06a9df-c0,82c3f6e5af06a9df,0,21,12.021149996144231,ok,not_equivalent,none,CC1(C)CC(=O)C(C=NCCCN2CCCC2=O)=C(O)C1,CC1(C)CC(=O)C(=CNCCCN2CCCC2=O)C(=O)C1,manual_blocked,tautomer canonicalization agrees; evaluator v1 remains authoritative,medium,,66c53ac55855134a6290,status=ok; decision=not_equivalent; relation=none; charge=True; radicals=True,no_verified_candidate_to_xyz_mapping;no_approved_representation_rule,True
non_equivalent;suspected_tautomer_protomer,geom-drugs-9aa7e5f6110ff125-c0,9aa7e5f6110ff125,0,21,10.742890000983607,ok,not_equivalent,none,C/C(=N\Nc1ccccc1)c1c(O)n(C)c(=O)n(C)c1=O,CC(NNc1ccccc1)=C1C(=O)N(C)C(=O)N(C)C1=O,manual_blocked,tautomer canonicalization agrees; evaluator v1 remains authoritative,medium,,b3b42226e63a0c56380c,status=ok; decision=not_equivalent; relation=none; charge=True; radicals=True,no_verified_candidate_to_xyz_mapping;no_approved_representation_rule,True
non_equivalent;suspected_tautomer_protomer,geom-drugs-24f87aff5ffc09f3-c0,24f87aff5ffc09f3,0,21,10.613607002596837,ok,not_equivalent,none,CCOC(=O)/C(N=O)=C(\O)C1CCN(C(=O)OCC)CC1,CCOC(=O)C(=NO)C(=O)C1CCN(C(=O)OCC)CC1,manual_blocked,tautomer canonicalization agrees; evaluator v1 remains authoritative,medium,,e365986f00747a0dfabb,status=ok; decision=not_equivalent; relation=none; charge=True; radicals=True,no_verified_candidate_to_xyz_mapping;no_approved_representation_rule,True
non_equivalent;suspected_tautomer_protomer,geom-drugs-0456f57971a35871-c0,0456f57971a35871,0,21,10.471832996699959,ok,not_equivalent,none,Cc1ccc(N=N/C(=C\O)C(=O)c2ccc(Cl)cc2)cc1,Cc1ccc(NN=C(C=O)C(=O)c2ccc(Cl)cc2)cc1,manual_blocked,tautomer canonicalization agrees; evaluator v1 remains authoritative,medium,,3ef8578517712aa0d343,status=ok; decision=not_equivalent; relation=none; charge=True; radicals=True,no_verified_candidate_to_xyz_mapping;no_approved_representation_rule,True
non_equivalent;suspected_tautomer_protomer,geom-drugs-3f0f1f193605c618-c0,3f0f1f193605c618,0,20,9.977084002457559,ok,not_equivalent,none,COc1ccc(N=N/C(=C\O)C(=O)c2ccco2)cc1,COc1ccc(NN=C(C=O)C(=O)c2ccco2)cc1,manual_blocked,tautomer canonicalization agrees; evaluator v1 remains authoritative,medium,,15220f83017c5ec1b0d4,status=ok; decision=not_equivalent; relation=none; charge=True; radicals=True,no_verified_candidate_to_xyz_mapping;no_approved_representation_rule,True
non_equivalent,geom-drugs-cbdb521137686472-c0,cbdb521137686472,0,20,9.588061999238562,ok,not_equivalent,none,Cc1ccn(C(CC(=O)c2ccc(Br)cc2)C(=O)O)n1,Cc1cc[n+]2n1[C@](O)(c1ccc(Br)cc1)C[C@H]2C(=O)[O-],manual_blocked,evaluator v1 reports a strict graph mismatch,high,,53428dcc519e16088266,status=ok; decision=not_equivalent; relation=none; charge=True; radicals=True,no_verified_candidate_to_xyz_mapping;no_approved_representation_rule,True
non_equivalent,geom-drugs-9eeb6c0ba088565d-c6,9eeb6c0ba088565d,6,20,8.614617006969638,ok,not_equivalent,none,O=S(=O)(/N=C(\[O-])C[n+]1ccccc1)c1ccc(Cl)cc1,[O-][S+2]([O-])(N=C1CN2C=CC=C[C@H]2O1)c1ccc(Cl)cc1,manual_blocked,evaluator v1 reports a strict graph mismatch,high,,35f0d649fb9f80002e36,status=ok; decision=not_equivalent; relation=none; charge=True; radicals=True,no_verified_candidate_to_xyz_mapping;no_approved_representation_rule,True
non_equivalent;suspected_tautomer_protomer,geom-drugs-be0c09c36629dd6a-c0,be0c09c36629dd6a,0,19,9.596732998033985,ok,not_equivalent,none,O=c1[nH]c(O)c(C=Nc2ccc(F)c(Cl)c2)c(=O)[nH]1,O=C1NC(=O)C(=CNc2ccc(F)c(Cl)c2)C(=O)N1,manual_blocked,tautomer canonicalization agrees; evaluator v1 remains authoritative,medium,,062e453c87f7bd0aaf00,status=ok; decision=not_equivalent; relation=none; charge=True; radicals=True,no_verified_candidate_to_xyz_mapping;no_approved_representation_rule,True
non_equivalent;suspected_tautomer_protomer,geom-drugs-c115dbba00a4d082-c0,c115dbba00a4d082,0,18,8.704362997377757,ok,not_equivalent,none,CC(=O)/C(N=Nc1ccc(C(=O)O)cc1)=C(\C)O,CC(=O)C(=NNc1ccc(C(=O)O)cc1)C(C)=O,manual_blocked,tautomer canonicalization agrees; evaluator v1 remains authoritative,medium,,55d60000830b5fce0bc2,status=ok; decision=not_equivalent; relation=none; charge=True; radicals=True,no_verified_candidate_to_xyz_mapping;no_approved_representation_rule,True
non_equivalent,geom-drugs-5d1fc160a2dd5115-c0,5d1fc160a2dd5115,0,15,8.032229998207185,ok,not_equivalent,none,Cc1cc(C)nc(/N=c2/ssnc2Cl)c1,CC1=C[C-]2N=C3C(Cl)=NS[S@SP1+]3N2C(C)=C1,manual_blocked,evaluator v1 reports a strict graph mismatch,high,,6bf67c46ed64418a8480,status=ok; decision=not_equivalent; relation=none; charge=True; radicals=True,no_verified_candidate_to_xyz_mapping;no_approved_representation_rule,True
inconclusive;runtime_outlier_top20,geom-drugs-ad227a6791156bc2-c0,ad227a6791156bc2,0,33,239.37241800012998,ok,inconclusive,none,O=C(CS(=O)CC(=O)N(CC(=O)NC1CCCC1)c1ccccc1F)Nc1ccc(F)cc1,O=C(C[S@@+]([O-])CC(=O)N(CC(=O)NC1CCCC1)c1ccccc1F)Nc1ccc(F)cc1,manual_blocked,evaluator v1 could not prove equivalence; representation review is blocked,high,,a5c69a8a09531bc6cf24,status=ok; decision=inconclusive; relation=none; charge=True; radicals=True,no_verified_candidate_to_xyz_mapping;no_approved_representation_rule,True
inconclusive;runtime_outlier_top20,geom-drugs-a27db27d06154ad3-c0,a27db27d06154ad3,0,31,201.18529599858448,ok,inconclusive,none,O=C(NC1CCCCCCC1)c1ccc2c(c1)N(Cc1ccc(F)cc1)C(=O)CS2=O,O=C(NC1CCCCCCC1)c1ccc2c(c1)N(Cc1ccc(F)cc1)C(=O)C[S@+]2[O-],manual_blocked,evaluator v1 could not prove equivalence; representation review is blocked,high,,8743b10e7f7385774640,status=ok; decision=inconclusive; relation=none; charge=True; radicals=True,no_verified_candidate_to_xyz_mapping;no_approved_representation_rule,True
inconclusive;runtime_outlier_top20,geom-drugs-4b8e7f22a98e5b99-c0,4b8e7f22a98e5b99,0,29,187.92604700138327,ok,inconclusive,none,COc1ccc(-c2nc(CS(=O)CC(=O)N3CCN(C)CC3)c(C)o2)cc1OC,COc1ccc(-c2nc(C[S@+]([O-])CC(=O)N3CCN(C)CC3)c(C)o2)cc1OC,manual_blocked,evaluator v1 could not prove equivalence; representation review is blocked,high,,6cc4983462047c01e8fc,status=ok; decision=inconclusive; relation=none; charge=True; radicals=True,no_verified_candidate_to_xyz_mapping;no_approved_representation_rule,True
inconclusive;runtime_outlier_top20,geom-drugs-d841865db9f4ab85-c0,d841865db9f4ab85,0,28,172.17181899468414,ok,inconclusive,none,COc1cccc(-c2nc(CS(=O)CC(=O)NCCCOC(C)C)c(C)o2)c1,COc1cccc(-c2nc(C[S@@+]([O-])CC(=O)NCCCOC(C)C)c(C)o2)c1,manual_blocked,evaluator v1 could not prove equivalence; representation review is blocked,high,,c1640a660bd5549bfa61,status=ok; decision=inconclusive; relation=none; charge=True; radicals=True,no_verified_candidate_to_xyz_mapping;no_approved_representation_rule,True
inconclusive;runtime_outlier_top20,geom-drugs-70069adae074fa68-c0,70069adae074fa68,0,28,158.5864799999399,ok,inconclusive,none,Cc1ccc(CNC(=O)CS(=O)Cc2nc(-c3ccccc3F)oc2C)cc1,Cc1ccc(CNC(=O)C[S@@+]([O-])Cc2nc(-c3ccccc3F)oc2C)cc1,manual_blocked,evaluator v1 could not prove equivalence; representation review is blocked,high,,1a83e23f3222bad59aa6,status=ok; decision=inconclusive; relation=none; charge=True; radicals=True,no_verified_candidate_to_xyz_mapping;no_approved_representation_rule,True
inconclusive;runtime_outlier_top20,geom-drugs-ed461d2804d5b1bb-c0,ed461d2804d5b1bb,0,28,149.57205900282133,ok,inconclusive,none,O=C(CS(=O)CC(=O)Nc1ccc(Cl)cc1)NCC1OCCc2ccccc21,O=C(C[S@+]([O-])CC(=O)Nc1ccc(Cl)cc1)NC[C@H]1OCCc2ccccc21,manual_blocked,evaluator v1 could not prove equivalence; representation review is blocked,high,,5768230c9f7062992c7e,status=ok; decision=inconclusive; relation=none; charge=True; radicals=True,no_verified_candidate_to_xyz_mapping;no_approved_representation_rule,True
inconclusive;runtime_outlier_top20,geom-drugs-8ebe6959738cbcb4-c0,8ebe6959738cbcb4,0,27,166.1543599984725,ok,inconclusive,none,Cc1ccccc1N(C)C(=O)c1ccc(S(=O)c2nccs2)c([N+](=O)[O-])c1,Cc1ccccc1N(C)C(=O)c1ccc([S@+]([O-])c2nccs2)c([N+](=O)[O-])c1,manual_blocked,evaluator v1 could not prove equivalence; representation review is blocked,high,,e53b266aa67159da7754,status=ok; decision=inconclusive; relation=none; charge=True; radicals=True,no_verified_candidate_to_xyz_mapping;no_approved_representation_rule,True
inconclusive;runtime_outlier_top20,geom-drugs-74836205791bbb63-c0,74836205791bbb63,0,25,114.09578999882797,ok,inconclusive,none,COCCOc1cc(NC(=O)CS(=O)CC(=O)N(C)C)c(Cl)cc1Cl,COCCOc1cc(NC(=O)C[S@@+]([O-])CC(=O)N(C)C)c(Cl)cc1Cl,manual_blocked,evaluator v1 could not prove equivalence; representation review is blocked,high,,0b6630faebf0e2b9e91a,status=ok; decision=inconclusive; relation=none; charge=True; radicals=True,no_verified_candidate_to_xyz_mapping;no_approved_representation_rule,True
inconclusive;runtime_outlier_top20,geom-drugs-eccdf71641d22880-c0,eccdf71641d22880,0,24,161.37066000374034,ok,inconclusive,none,Cc1ccc(-n2nc3c(c2NC(=O)c2ccco2)CS(=O)C3)cc1,Cc1ccc(-n2nc3c(c2NC(=O)c2ccco2)C[S@@+]([O-])C3)cc1,manual_blocked,evaluator v1 could not prove equivalence; representation review is blocked,high,,e05b194a1f4d6b02010e,status=ok; decision=inconclusive; relation=none; charge=True; radicals=True,no_verified_candidate_to_xyz_mapping;no_approved_representation_rule,True
inconclusive;runtime_outlier_top20,geom-drugs-e7f2bd8e063400f0-c0,e7f2bd8e063400f0,0,24,143.15666900074575,ok,inconclusive,none,O=C(NC1CCCC1)c1ccc(CS(=O)Cc2ccc(Cl)cc2)o1,O=C(NC1CCCC1)c1ccc(C[S@@+]([O-])Cc2ccc(Cl)cc2)o1,manual_blocked,evaluator v1 could not prove equivalence; representation review is blocked,high,,d7811ab0220c5c38eec6,status=ok; decision=inconclusive; relation=none; charge=True; radicals=True,no_verified_candidate_to_xyz_mapping;no_approved_representation_rule,True
inconclusive;runtime_outlier_top20,geom-drugs-07ea9b58209e5ba6-c1,07ea9b58209e5ba6,1,21,130.16315799904987,ok,inconclusive,none,O=C(Cc1ccccc1)NCCS(=O)c1ccc(Cl)cc1,O=C(Cc1ccccc1)NCC[S@@+]([O-])c1ccc(Cl)cc1,manual_blocked,evaluator v1 could not prove equivalence; representation review is blocked,high,,a93dfc689ed142173b42,status=ok; decision=inconclusive; relation=none; charge=True; radicals=True,no_verified_candidate_to_xyz_mapping;no_approved_representation_rule,True
inconclusive;runtime_outlier_top20,geom-drugs-4728ce0b3eb19431-c0,4728ce0b3eb19431,0,18,112.12217799766222,ok,inconclusive,none,CC1(C)CC(=O)C2=C(C1)Nc1ccccc1S2=O,CC1(C)CC(=O)C2=C(C1)Nc1ccccc1[S@@+]2[O-],manual_blocked,evaluator v1 could not prove equivalence; representation review is blocked,high,,00663c8f75f72a8987f1,status=ok; decision=inconclusive; relation=none; charge=True; radicals=True,no_verified_candidate_to_xyz_mapping;no_approved_representation_rule,True
runtime_outlier_top20,geom-drugs-5f44ac040798c1c7-c0,5f44ac040798c1c7,0,77,66.79659800283844,ok,equivalent,normalized_graph_identity,C#CCOCCOCCOCCNc1nc(N2CCN(C(=O)[C@H]([C@@H](C)CC)n3cc([C@@H](N)Cc4ccc(O)cc4)nn3)CC2)nc(N2CCN(C(=O)[C@H](Cc3cc4ccccc4[nH]3)n3cc([C@@H](N)C(C)CC)nn3)CC2)n1,C#CCOCCOCCOCCNc1nc(N2CCN(C(=O)[C@H]([C@@H](C)CC)n3cc([C@@H](N)Cc4ccc(O)cc4)nn3)CC2)nc(N2CCN(C(=O)[C@H](Cc3cc4ccccc4[nH]3)n3cc([C@@H](N)[C@@H](C)CC)nn3)CC2)n1,no_graph_review_needed,equivalent case selected only as a runtime outlier,high,,52a012bd60e945f4a4cf,status=ok; decision=equivalent; relation=normalized_graph_identity; charge=True; radicals=True,,False
runtime_outlier_top20,geom-drugs-195028e08cc1666b-c0,195028e08cc1666b,0,60,48.27841000223998,ok,equivalent,normalized_graph_identity,CO[C@H]1C(=O)[C@]2(C)[C@@H](OC)C[C@H]3OC[C@@]3(OC(C)=O)[C@H]2[C@H](OC(=O)c2ccccc2)[C@]2(O)C[C@H](OC(=O)[C@H](O)[C@@H](NC(=O)OC(C)(C)C)c3ccccc3)C(C)=C1C2(C)C,CO[C@H]1C(=O)[C@]2(C)[C@@H](OC)C[C@H]3OC[C@@]3(OC(C)=O)[C@H]2[C@H](OC(=O)c2ccccc2)[C@]2(O)C[C@H](OC(=O)[C@H](O)[C@@H](NC(=O)OC(C)(C)C)c3ccccc3)C(C)=C1C2(C)C,no_graph_review_needed,equivalent case selected only as a runtime outlier,high,,9da1392b7bcad68d01e1,status=ok; decision=equivalent; relation=normalized_graph_identity; charge=True; radicals=True,,False
runtime_outlier_top20,geom-drugs-334fad1a3cc12a75-c0,334fad1a3cc12a75,0,59,48.22032500669593,ok,equivalent,normalized_graph_identity,COC1C=COC2(C)Oc3c(C)c(O)c4c(O)c(c(C=NN5CCN(C)CC5)c(O)c4c3C2=O)NC(=O)C(C)=CC=CC(C)C(O)C(C)C(O)C(C)C(OC(C)=O)C1C,CO[C@@H]1C=CO[C@]2(C)Oc3c(C)c(O)c4c(O)c(c(C=NN5CCN(C)CC5)c(O)c4c3C2=O)NC(=O)C(C)=CC=C[C@@H](C)[C@@H](O)[C@@H](C)[C@H](O)[C@H](C)[C@H](OC(C)=O)[C@@H]1C,no_graph_review_needed,equivalent case selected only as a runtime outlier,high,,5226b18126cdd95bbef1,status=ok; decision=equivalent; relation=normalized_graph_identity; charge=True; radicals=True,,False
runtime_outlier_top20,geom-drugs-49fa879f18da7390-c315,49fa879f18da7390,315,49,42.714262002846226,ok,equivalent,normalized_graph_identity,C#CCOCCOCCOCCNc1nc(N2CCOCC2)nc(N2CCN(C(=O)[C@H]([C@@H](C)CC)n3cc([C@@H](N)CC(C)C)nn3)CC2)n1,C#CCOCCOCCOCCNc1nc(N2CCOCC2)nc(N2CCN(C(=O)[C@H]([C@@H](C)CC)n3cc([C@@H](N)CC(C)C)nn3)CC2)n1,no_graph_review_needed,equivalent case selected only as a runtime outlier,high,,6e1b4814e3e0bb473ef9,status=ok; decision=equivalent; relation=normalized_graph_identity; charge=True; radicals=True,,False
runtime_outlier_top20,geom-drugs-f051527a5fdf2b75-c0,f051527a5fdf2b75,0,48,38.90121500444366,ok,equivalent,normalized_graph_identity,COC(=O)c1cccc(C23CC4(C2)[C@H](CN(Cc2ccc(-c5ccccc5)cc2)[C@@H]4c2ccccc2)C3c2ccc(C(F)(F)F)cc2)c1,COC(=O)c1cccc([C@]23C[C@]4(C2)[C@H](CN(Cc2ccc(-c5ccccc5)cc2)[C@@H]4c2ccccc2)[C@H]3c2ccc(C(F)(F)F)cc2)c1,no_graph_review_needed,equivalent case selected only as a runtime outlier,high,,bf8d14d113e9a2eb8df8,status=ok; decision=equivalent; relation=normalized_graph_identity; charge=True; radicals=True,,False
runtime_outlier_top20,geom-drugs-d888dd46cdbc1f06-c1,d888dd46cdbc1f06,1,22,154.48411100078374,ok,equivalent,resonance_equivalence,[O-][N+]1=c2ccc(Nc3ccccc3)cc2=NC12CCCCC2,O=[N+]1c2ccc(Nc3ccccc3)cc2[N-]C12CCCCC2,no_graph_review_needed,equivalent case selected only as a runtime outlier,high,,a3dc2b30ea20d0e6673d,status=ok; decision=equivalent; relation=resonance_equivalence; charge=True; radicals=True,,False
runtime_outlier_top20,geom-drugs-3ceb75f85d2f17b6-c43,3ceb75f85d2f17b6,43,20,94.73135699954582,ok,equivalent,resonance_equivalence,O=C(c1cccs1)c1no[n+]([O-])c1C(=O)c1cccs1,O=C(c1cccs1)c1n[o+]n([O-])c1C(=O)c1cccs1,no_graph_review_needed,equivalent case selected only as a runtime outlier,high,,5e8b593a575237c5f2f3,status=ok; decision=equivalent; relation=resonance_equivalence; charge=True; radicals=True,,False
