case_idx,case_id,molecule_id,conformer_id,reference_smiles,heavy_atom_count,source_conformer_count,relativeenergy_kcal_mol,status,error,evaluator_decision,evaluator_relation,graph_equivalent,exact_smiles,stereo_equivalent,charge_consistent,radical_consistent,predicted_smiles,runtime_ms
1,geom-drugs-838fcefa75457260-c0,838fcefa75457260,0,COC(=O)C(NC(=O)c1ccccc1C)(Nc1ncc(S(=O)(=O)c2ccc([N+](=O)[O-])cc2)s1)C(F)(F)F,37,71,0.0,ok,,equivalent,normalized_graph_identity,True,False,False,True,True,COC(=O)[C@](NC(=O)c1ccccc1C)(Nc1ncc([S+2]([O-])([O-])c2ccc([N+](=O)[O-])cc2)s1)C(F)(F)F,29.65739899991604
2,geom-drugs-8d974bd455fe9f32-c57,8d974bd455fe9f32,57,CCc1nnc(NC(=O)CCC(=O)O)s1,15,88,0.0,ok,,equivalent,normalized_graph_identity,True,True,True,True,True,CCc1nnc(NC(=O)CCC(=O)O)s1,11.457339000116917
3,geom-drugs-60c62b6f495728dc-c0,60c62b6f495728dc,0,C#CCOCCOCCOCCNc1nc(N2CCN(C(=O)[C@H](CCC(=O)O)n3cc(C(N)Cc4ccc(O)cc4)nn3)CC2)nc(N2CCN(C(=O)[C@H](CCC(=O)O)n3cc(C(N)Cc4ccc(O)cc4)nn3)CC2)n1,77,74,0.0,ok,,equivalent,normalized_graph_identity,True,True,False,True,True,C#CCOCCOCCOCCNc1nc(N2CCN(C(=O)[C@H](CCC(=O)O)n3cc([C@H](N)Cc4ccc(O)cc4)nn3)CC2)nc(N2CCN(C(=O)[C@H](CCC(=O)O)n3cc([C@H](N)Cc4ccc(O)cc4)nn3)CC2)n1,56.541994999861345
4,geom-drugs-3e2f3a8dc7c14855-c0,3e2f3a8dc7c14855,0,NC(=O)[C@H](Cc1cc2ccccc2s1)NC(=O)[C@@H]1CC2(CC(c3cccc(NC(=O)[C@@H]4CCC(=O)N4)c3)=NO2)CN1C(=O)/C=C/c1c(F)cccc1Cl,53,222,0.0,ok,,equivalent,normalized_graph_identity,True,True,False,True,True,NC(=O)[C@H](Cc1cc2ccccc2s1)NC(=O)[C@@H]1C[C@@]2(CC(c3cccc(NC(=O)[C@@H]4CCC(=O)N4)c3)=NO2)CN1C(=O)C=Cc1c(F)cccc1Cl,35.15718100061349
5,geom-drugs-e503b27e41335c10-c0,e503b27e41335c10,0,COc1ccc2[nH]c(=O)c(CN(CCN(C)C)C(=O)NCc3ccccc3)cc2c1,30,224,0.0,ok,,equivalent,normalized_graph_identity,True,True,True,True,True,COc1ccc2[nH]c(=O)c(CN(CCN(C)C)C(=O)NCc3ccccc3)cc2c1,21.946766999462852
6,geom-drugs-1d9ef434b9485f7f-c69,1d9ef434b9485f7f,69,CC(C)Oc1ccc(/C=N/NC(=O)C(CSCc2ccccc2)NC(=O)c2ccc([N+](=O)[O-])cc2)cc1,37,245,0.0,ok,,equivalent,normalized_graph_identity,True,True,False,True,True,CC(C)Oc1ccc(C=NNC(=O)[C@H](CSCc2ccccc2)NC(=O)c2ccc([N+](=O)[O-])cc2)cc1,24.598070998763433
7,geom-drugs-fc5bd5ccdf5c530c-c0,fc5bd5ccdf5c530c,0,Cc1ccc2c(c1)NC(=O)C(CC(=O)NCCCN1CCCC1=O)O2,25,176,0.0,ok,,equivalent,normalized_graph_identity,True,True,False,True,True,Cc1ccc2c(c1)NC(=O)[C@H](CC(=O)NCCCN1CCCC1=O)O2,18.300456998986192
8,geom-drugs-be0e68d56f95eaa2-c0,be0e68d56f95eaa2,0,O=C1OC(/C=C/c2ccc(Cl)cc2)=N/C1=C/c1ccco1,21,4,0.0,ok,,equivalent,normalized_graph_identity,True,True,False,True,True,O=C1OC(C=Cc2ccc(Cl)cc2)=NC1=Cc1ccco1,14.113744000496808
9,geom-drugs-eb603b7ddd65e73e-c31,eb603b7ddd65e73e,31,O=C(CCCCn1c(=O)c2ccccc2n(CC(=O)Nc2ccc(F)cc2)c1=O)NCc1ccco1,36,109,0.0,ok,,equivalent,normalized_graph_identity,True,True,True,True,True,O=C(CCCCn1c(=O)c2ccccc2n(CC(=O)Nc2ccc(F)cc2)c1=O)NCc1ccco1,23.810024998965673
10,geom-drugs-0df72cc98dade219-c0,0df72cc98dade219,0,Cn1cc([N+](=O)[O-])c(C(=O)N/N=C/c2ccncc2)n1,20,3,0.0,ok,,equivalent,normalized_graph_identity,True,True,False,True,True,Cn1cc([N+](=O)[O-])c(C(=O)NN=Cc2ccncc2)n1,13.241241000287118
11,geom-drugs-93649bfdc00b34fc-c11,93649bfdc00b34fc,11,CCCCc1ccc(NC(=O)OC)cc1,15,16,0.0,ok,,equivalent,normalized_graph_identity,True,True,True,True,True,CCCCc1ccc(NC(=O)OC)cc1,11.733551998986513
12,geom-drugs-032d449f25c2e24f-c0,032d449f25c2e24f,0,Cc1ccc(-n2nnnc2-c2cnn(-c3ccc(F)cc3)c2C(F)(F)F)cc1,28,8,0.0,ok,,equivalent,normalized_graph_identity,True,True,True,True,True,Cc1ccc(-n2nnnc2-c2cnn(-c3ccc(F)cc3)c2C(F)(F)F)cc1,17.796253001506557
13,geom-drugs-8608698139be6eef-c52,8608698139be6eef,52,O=C(/C=C/c1ccc(O)cc1)C1C(=O)/C(=C\C2C(=O)C(C(=O)/C=C/c3ccc(O)cc3)C(=O)[C@](O)(C3O[C@H](CO)[C@@H](O)[C@H](O)[C@H]3O)C2=O)C(=O)[C@](O)(C2O[C@H](CO)[C@@H](O)[C@H](O)[C@H]2O)C1=O,65,164,0.0,ok,,equivalent,normalized_graph_identity,True,True,False,True,True,O=C(C=Cc1ccc(O)cc1)[C@@H]1C(=O)C(=C[C@@H]2C(=O)[C@@H](C(=O)C=Cc3ccc(O)cc3)C(=O)[C@](O)([C@@H]3O[C@H](CO)[C@@H](O)[C@H](O)[C@H]3O)C2=O)C(=O)[C@](O)([C@@H]2O[C@H](CO)[C@@H](O)[C@H](O)[C@H]2O)C1=O,40.82487300001958
14,geom-drugs-d7d7a5fed2d5b91f-c0,d7d7a5fed2d5b91f,0,Cn1c(SCC(=O)NCc2cccs2)nnc1-c1ccc(S(=O)(=O)N2CCCC2)cc1,31,61,0.0,ok,,equivalent,normalized_graph_identity,True,False,True,True,True,Cn1c(SCC(=O)NCc2cccs2)nnc1-c1ccc([S+2]([O-])([O-])N2CCCC2)cc1,22.184818000823725
15,geom-drugs-eaffcacf2a019795-c34,eaffcacf2a019795,34,O=C(NCC(=O)N(CCN1CCOCC1)C(C(=O)NC1CCCC1)c1cccs1)c1ccco1,34,141,0.0,ok,,equivalent,normalized_graph_identity,True,True,False,True,True,O=C(NCC(=O)N(CCN1CCOCC1)[C@@H](C(=O)NC1CCCC1)c1cccs1)c1ccco1,24.13961999991443
16,geom-drugs-f35d030d43867117-c0,f35d030d43867117,0,O=P(O)(O)Cc1c(Cl)cccc1Cl,13,10,0.0,ok,,equivalent,normalized_graph_identity,True,False,True,True,True,[O-][P+](O)(O)Cc1c(Cl)cccc1Cl,9.283912999308086
17,geom-drugs-ea8a8e73c55452b5-c0,ea8a8e73c55452b5,0,COC(=O)Cn1c(CCS(=O)(=O)c2ccc(C)c(C)c2)nc2ccccc21,27,29,0.0,ok,,equivalent,normalized_graph_identity,True,False,True,True,True,COC(=O)Cn1c(CC[S+2]([O-])([O-])c2ccc(C)c(C)c2)nc2ccccc21,18.95922399853589
18,geom-drugs-6ece07c5bf8c23e8-c0,6ece07c5bf8c23e8,0,CCn1c(CNC(=O)COc2ccc(C(C)C)cc2)nnc1SCC(=O)Nc1ccccc1C(C)C,36,156,0.0,ok,,equivalent,normalized_graph_identity,True,True,True,True,True,CCn1c(CNC(=O)COc2ccc(C(C)C)cc2)nnc1SCC(=O)Nc1ccccc1C(C)C,25.22655500069959
19,geom-drugs-faee15186df3e5bf-c39,faee15186df3e5bf,39,CC(=O)c1ccc(NC(=O)COC(=O)c2nc(Cl)ccc2Cl)cc1,24,40,0.0,ok,,equivalent,normalized_graph_identity,True,True,True,True,True,CC(=O)c1ccc(NC(=O)COC(=O)c2nc(Cl)ccc2Cl)cc1,15.285138999388437
20,geom-drugs-e26ea7aa096c1291-c0,e26ea7aa096c1291,0,CCC(C)C(=O)N[C@@H](c1ccccc1)[C@@H](O)C(=O)O[C@H]1C[C@@]2(O)[C@@H](OC(=O)c3ccccc3)C3[C@](C)(C(=O)[C@H](OC(C)=O)C(=C1C)C2(C)C)[C@@H](O)C[C@H]1OC[C@@]31OC(C)=O,60,187,0.0,ok,,equivalent,normalized_graph_identity,True,True,False,True,True,CC[C@@H](C)C(=O)N[C@@H](c1ccccc1)[C@@H](O)C(=O)O[C@H]1C[C@@]2(O)[C@@H](OC(=O)c3ccccc3)[C@@H]3[C@]4(OC(C)=O)CO[C@@H]4C[C@H](O)[C@@]3(C)C(=O)[C@H](OC(C)=O)C(=C1C)C2(C)C,40.87572699972952
21,geom-drugs-b934ed1394ddc053-c23,b934ed1394ddc053,23,O=C(O)C(Sc1ccncn1)c1ccccc1,17,25,0.0,ok,,equivalent,normalized_graph_identity,True,True,False,True,True,O=C(O)[C@H](Sc1ccncn1)c1ccccc1,12.395349998769234
22,geom-drugs-b6c1bd08d4225cc1-c0,b6c1bd08d4225cc1,0,O=C(O)COc1cccc(/C=C2/SC(=S)N(Cc3ccccc3)C2=O)c1,26,74,0.0,ok,,equivalent,normalized_graph_identity,True,True,False,True,True,O=C(O)COc1cccc(C=C2SC(=S)N(Cc3ccccc3)C2=O)c1,17.503172000942868
23,geom-drugs-2e7f156596c89051-c21,2e7f156596c89051,21,O=C(O)C(CO)c1ccccc1,12,27,0.0,ok,,equivalent,normalized_graph_identity,True,True,False,True,True,O=C(O)[C@@H](CO)c1ccccc1,9.611280998797156
24,geom-drugs-3906915147ab2dc2-c0,3906915147ab2dc2,0,COc1ccc(-c2cc(=O)oc3cc(OC(C)C(=O)NC(Cc4c[nH]c5ccc(O)cc45)C(=O)O)ccc23)cc1,40,119,0.0,ok,,equivalent,normalized_graph_identity,True,True,False,True,True,COc1ccc(-c2cc(=O)oc3cc(O[C@@H](C)C(=O)N[C@H](Cc4c[nH]c5ccc(O)cc45)C(=O)O)ccc23)cc1,26.76991599946632
25,geom-drugs-796b3663fbd2ac6b-c0,796b3663fbd2ac6b,0,NNC(=O)CNC(c1ccccc1)c1cc(Cl)ccc1NC(=O)c1ccccc1,29,207,0.0,ok,,equivalent,normalized_graph_identity,True,True,False,True,True,NNC(=O)CN[C@H](c1ccccc1)c1cc(Cl)ccc1NC(=O)c1ccccc1,19.668693001221982
26,geom-drugs-dbe0635724929073-c1,dbe0635724929073,1,Cc1cccc2c(=O)c(-c3ccc(Cl)cc3)c(NC(=O)c3ccco3)oc12,27,10,0.0,ok,,equivalent,normalized_graph_identity,True,True,True,True,True,Cc1cccc2c(=O)c(-c3ccc(Cl)cc3)c(NC(=O)c3ccco3)oc12,18.504978999771993
27,geom-drugs-c62ccabecc0571f3-c0,c62ccabecc0571f3,0,Nc1cc2ccncc2c2ccccc12,15,1,0.0,ok,,equivalent,normalized_graph_identity,True,True,True,True,True,Nc1cc2ccncc2c2ccccc12,12.148830999649363
28,geom-drugs-440d5c83e7aad469-c0,440d5c83e7aad469,0,CN(C)C(=O)COn1c(SCC(=O)N(C)C)nc2ccccc2c1=O,25,102,0.0,ok,,equivalent,normalized_graph_identity,True,True,True,True,True,CN(C)C(=O)COn1c(SCC(=O)N(C)C)nc2ccccc2c1=O,16.86188199892058
29,geom-drugs-77dcd2ae72cbe1c4-c0,77dcd2ae72cbe1c4,0,CNC(=S)N1CCN(c2c(F)cc3c(=O)c(C(=O)O)cn(C4CC4)c3c2OC)CC1C,31,34,0.0,ok,,equivalent,normalized_graph_identity,True,True,False,True,True,CNC(=S)N1CCN(c2c(F)cc3c(=O)c(C(=O)O)cn(C4CC4)c3c2OC)C[C@H]1C,22.467356000561267
30,geom-drugs-b6c345418532fa19-c0,b6c345418532fa19,0,CCOC(=O)c1sc2nc3c(SCCC(=O)O)cc(C(=O)c4cc(OC)ccc4O)cn3c(=O)c2c1C,37,113,0.0,ok,,equivalent,normalized_graph_identity,True,True,True,True,True,CCOC(=O)c1sc2nc3c(SCCC(=O)O)cc(C(=O)c4cc(OC)ccc4O)cn3c(=O)c2c1C,24.13122699908854
31,geom-drugs-c028f22d2c0c96c2-c0,c028f22d2c0c96c2,0,COc1cc(C(=O)O)nc2ccccc12,15,1,0.0,ok,,equivalent,normalized_graph_identity,True,True,True,True,True,COc1cc(C(=O)O)nc2ccccc12,11.009689000275102
32,geom-drugs-334fad1a3cc12a75-c0,334fad1a3cc12a75,0,COC1C=COC2(C)Oc3c(C)c(O)c4c(O)c(c(C=NN5CCN(C)CC5)c(O)c4c3C2=O)NC(=O)C(C)=CC=CC(C)C(O)C(C)C(O)C(C)C(OC(C)=O)C1C,59,121,0.0,ok,,equivalent,normalized_graph_identity,True,True,False,True,True,CO[C@@H]1C=CO[C@]2(C)Oc3c(C)c(O)c4c(O)c(c(C=NN5CCN(C)CC5)c(O)c4c3C2=O)NC(=O)C(C)=CC=C[C@@H](C)[C@@H](O)[C@@H](C)[C@H](O)[C@H](C)[C@H](OC(C)=O)[C@@H]1C,42.132410999329295
33,geom-drugs-d8e1f856a1cf9c57-c0,d8e1f856a1cf9c57,0,CCOC(=O)c1nc(C)sc1-c1ccnn1S(=O)(=O)c1ccc(C)cc1,26,58,0.0,ok,,equivalent,normalized_graph_identity,True,False,True,True,True,CCOC(=O)c1nc(C)sc1-c1ccnn1[S+2]([O-])([O-])c1ccc(C)cc1,17.620750000787666
34,geom-drugs-8ada698a4591117f-c0,8ada698a4591117f,0,N#Cc1nc(-c2ccc(OCc3ccccc3)cc2)oc1NCCN1CCOCC1,30,191,0.0,ok,,equivalent,normalized_graph_identity,True,True,True,True,True,N#Cc1nc(-c2ccc(OCc3ccccc3)cc2)oc1NCCN1CCOCC1,21.321090000128606
35,geom-drugs-5e208a33ac685c7e-c0,5e208a33ac685c7e,0,N#C/C(=C\c1ccncc1)C(=O)Nc1ccc(C(=O)O)cc1,22,7,0.0,ok,,equivalent,normalized_graph_identity,True,True,False,True,True,N#CC(=Cc1ccncc1)C(=O)Nc1ccc(C(=O)O)cc1,14.484534998700838
36,geom-drugs-635926cd16723723-c0,635926cd16723723,0,COC(=O)[C@@H]1CC[C@H](C)[C@@H](c2ccc(C)cc2)N1C(=O)c1ccc(/C=N/OCC[C@@H]2C=C[C@H](OC(C)=O)[C@@H](COC(C)=O)O2)cc1,46,285,0.0,ok,,equivalent,normalized_graph_identity,True,True,False,True,True,COC(=O)[C@@H]1CC[C@H](C)[C@@H](c2ccc(C)cc2)N1C(=O)c1ccc(C=NOCC[C@@H]2C=C[C@H](OC(C)=O)[C@@H](COC(C)=O)O2)cc1,30.972381000538007
37,geom-drugs-eed13e009e02d3ac-c0,eed13e009e02d3ac,0,Cc1cc2c(cc1S(=O)(=O)N1CCCCC1)OCC(=O)N2,21,26,0.0,ok,,equivalent,normalized_graph_identity,True,False,True,True,True,Cc1cc2c(cc1[S+2]([O-])([O-])N1CCCCC1)OCC(=O)N2,16.210559000683133
38,geom-drugs-57c7843dbeee78cf-c0,57c7843dbeee78cf,0,CC(=O)c1cccc(NC(=O)COc2ccccc2C(=O)c2cc(C#N)c(=O)n(C3CCCCC3)c2)c1,37,60,0.0,ok,,equivalent,normalized_graph_identity,True,True,True,True,True,CC(=O)c1cccc(NC(=O)COc2ccccc2C(=O)c2cc(C#N)c(=O)n(C3CCCCC3)c2)c1,24.636739999550628
39,geom-drugs-e1bd75fd7515f64b-c0,e1bd75fd7515f64b,0,Brc1ccc(-c2csc(NNC3=NCCCCC3)n2)cc1,21,72,0.0,ok,,equivalent,normalized_graph_identity,True,True,True,True,True,Brc1ccc(-c2csc(NNC3=NCCCCC3)n2)cc1,15.780368999912753
40,geom-drugs-8f252ec7d03737ed-c14,8f252ec7d03737ed,14,CSc1ccccc1NC(=O)c1cccs1,16,15,0.0,ok,,equivalent,normalized_graph_identity,True,True,True,True,True,CSc1ccccc1NC(=O)c1cccs1,11.537750000570668
41,geom-drugs-b20da99c49772772-c0,b20da99c49772772,0,CC(Sc1ncc(C(F)(F)F)cc1Cl)C(=O)NC(N)=O,20,19,0.0,ok,,equivalent,normalized_graph_identity,True,True,False,True,True,C[C@@H](Sc1ncc(C(F)(F)F)cc1Cl)C(=O)NC(N)=O,11.806626998804859
42,geom-drugs-878bc1cc0312cbdc-c37,878bc1cc0312cbdc,37,CN1CCN(C(=O)CCCOc2cc(=O)n(C)c3ccccc23)CC1,25,220,0.0,ok,,equivalent,normalized_graph_identity,True,True,True,True,True,CN1CCN(C(=O)CCCOc2cc(=O)n(C)c3ccccc23)CC1,18.501574000765686
43,geom-drugs-e349e0a7248f4e97-c0,e349e0a7248f4e97,0,COc1cccc(CN(C(=O)Cc2c[nH]c3ccccc23)C(C(=O)NC2CCCCC2)c2cccs2)c1,37,88,0.0,ok,,equivalent,normalized_graph_identity,True,True,False,True,True,COc1cccc(CN(C(=O)Cc2c[nH]c3ccccc23)[C@H](C(=O)NC2CCCCC2)c2cccs2)c1,26.548992000243743
44,geom-drugs-5a013b0018cb0354-c0,5a013b0018cb0354,0,CCCCn1c(=NC(=O)c2ccco2)c(C(=O)OCC)cc2c(=O)n3ccccc3nc21,32,342,0.0,ok,,equivalent,normalized_graph_identity,True,True,True,True,True,CCCCn1c(=NC(=O)c2ccco2)c(C(=O)OCC)cc2c(=O)n3ccccc3nc21,23.3126879993506
45,geom-drugs-13c1fa9fcddf5aa6-c741,13c1fa9fcddf5aa6,741,CCCCNCC(=O)N1[C@H](c2ccc(OC)cc2)[C@@H]2C(=O)N(CC)C(=O)[C@@H]2[C@]1(C)C(=O)OCCCC(F)(F)C(F)(F)C(F)(F)C(F)(F)C(F)(F)C(F)(F)C(F)(F)C(F)(F)F,60,838,0.0,ok,,equivalent,normalized_graph_identity,True,True,True,True,True,CCCCNCC(=O)N1[C@H](c2ccc(OC)cc2)[C@@H]2C(=O)N(CC)C(=O)[C@@H]2[C@]1(C)C(=O)OCCCC(F)(F)C(F)(F)C(F)(F)C(F)(F)C(F)(F)C(F)(F)C(F)(F)C(F)(F)F,32.50414899957832
46,geom-drugs-d5ff451cbb123c97-c0,d5ff451cbb123c97,0,CC(C)CNC(=O)c1c(N)n(/N=C/c2ccccn2)c2nc3ccccc3nc12,29,4,0.0,ok,,equivalent,normalized_graph_identity,True,True,False,True,True,CC(C)CNC(=O)c1c(N)n(N=Cc2ccccn2)c2nc3ccccc3nc12,21.140619999641785
47,geom-drugs-b647e60a423a80c8-c170,b647e60a423a80c8,170,COc1ccc(CNC(=O)NC(C)(C)c2cccc(C(C)(C)NC(=O)NCc3ccc(OC)cc3)c2)cc1,38,213,0.0,ok,,equivalent,normalized_graph_identity,True,True,True,True,True,COc1ccc(CNC(=O)NC(C)(C)c2cccc(C(C)(C)NC(=O)NCc3ccc(OC)cc3)c2)cc1,27.289415998893674
48,geom-drugs-830922aa8d367f23-c0,830922aa8d367f23,0,O=c1[nH]c(=O)n(Cc2ccccc2)c(O)c1C=NCCCO,22,70,0.0,ok,,not_equivalent,none,False,False,False,True,True,O=C1NC(=O)N(Cc2ccccc2)C(=O)C1=CNCCCO,10.170919998927275
49,geom-drugs-04c7653345120987-c0,04c7653345120987,0,COc1ccc2nc(C)[nH]c(=O)c2c1,14,4,0.0,ok,,equivalent,normalized_graph_identity,True,True,True,True,True,COc1ccc2nc(C)[nH]c(=O)c2c1,11.418608999520075
50,geom-drugs-6d914c196433398b-c0,6d914c196433398b,0,C=CCNC(=O)C1CC(=O)N(c2ccc(OCc3ccccc3Cl)cc2)C1,27,441,0.0,ok,,equivalent,normalized_graph_identity,True,True,False,True,True,C=CCNC(=O)[C@H]1CC(=O)N(c2ccc(OCc3ccccc3Cl)cc2)C1,19.71491099902778
51,geom-drugs-9ca3ce4c4d5d6d52-c0,9ca3ce4c4d5d6d52,0,COc1cc(OC)c(C(=O)Nc2ccccc2-c2ccccc2)cc1OC,27,32,0.0,ok,,equivalent,normalized_graph_identity,True,True,True,True,True,COc1cc(OC)c(C(=O)Nc2ccccc2-c2ccccc2)cc1OC,19.284310001239646
52,geom-drugs-64d126a2bf0d2569-c0,64d126a2bf0d2569,0,CCOc1ccc(S(=O)(=O)N2CCCC(C(=O)Nc3ccccc3)C2)cc1,27,72,0.0,ok,,equivalent,normalized_graph_identity,True,False,False,True,True,CCOc1ccc([S+2]([O-])([O-])N2CCC[C@@H](C(=O)Nc3ccccc3)C2)cc1,21.21559900115244
53,geom-drugs-f0424b6e59396dfd-c23,f0424b6e59396dfd,23,COC(=O)[C@H](Cc1c[nH]c2ccccc12)n1cc(-c2cc(C(=O)N3CCNCC3)cc(-c3cn([C@@H](Cc4ccc(O)cc4)C(=O)O)nn3)c2)nn1,51,54,0.0,ok,,equivalent,normalized_graph_identity,True,True,True,True,True,COC(=O)[C@H](Cc1c[nH]c2ccccc12)n1cc(-c2cc(C(=O)N3CCNCC3)cc(-c3cn([C@@H](Cc4ccc(O)cc4)C(=O)O)nn3)c2)nn1,36.311941001258674
54,geom-drugs-d6d8cf365d23ef6f-c0,d6d8cf365d23ef6f,0,CC(=O)OC1C(=O)C2(C)C(O)CC3OCC3(OC(C)=O)C2C(OC(=O)c2ccccc2)C2(O)CC(OC(=O)C(O)C(NC(=O)c3ccccc3)c3ccccc3)C(C)=C1C2(C)C,62,304,0.0,ok,,equivalent,normalized_graph_identity,True,True,False,True,True,CC(=O)O[C@H]1C(=O)[C@]2(C)[C@H](O)C[C@@H]3OC[C@]3(OC(C)=O)[C@H]2[C@@H](OC(=O)c2ccccc2)[C@]2(O)C[C@@H](OC(=O)[C@@H](O)[C@@H](NC(=O)c3ccccc3)c3ccccc3)C(C)=C1C2(C)C,42.71425499973702
55,geom-drugs-a375592223e6f7e7-c0,a375592223e6f7e7,0,CSc1cccc(NC(=O)COc2cccc3ccccc23)c1,23,42,0.0,ok,,equivalent,normalized_graph_identity,True,True,True,True,True,CSc1cccc(NC(=O)COc2cccc3ccccc23)c1,17.71844799986866
56,geom-drugs-5f8df26dd28c178c-c11,5f8df26dd28c178c,11,CCOc1cc(Br)c(C=O)cc1OCC,15,18,0.0,ok,,equivalent,normalized_graph_identity,True,True,True,True,True,CCOc1cc(Br)c(C=O)cc1OCC,11.100525000074413
57,geom-drugs-fa7e938625e8b222-c0,fa7e938625e8b222,0,Cc1cc2[nH]c(=O)c3ccccc3n2n1,15,2,0.0,ok,,equivalent,normalized_graph_identity,True,True,True,True,True,Cc1cc2[nH]c(=O)c3ccccc3n2n1,11.85126299969852
58,geom-drugs-a73ff8679c7bbdda-c0,a73ff8679c7bbdda,0,Cc1ccc2nc(-c3ccc(NC(=O)CCS(=O)(=O)c4ccccc4)cc3)sc2c1,30,21,0.0,ok,,equivalent,normalized_graph_identity,True,False,True,True,True,Cc1ccc2nc(-c3ccc(NC(=O)CC[S+2]([O-])([O-])c4ccccc4)cc3)sc2c1,21.380759000749094
59,geom-drugs-aadb46208e340cc3-c376,aadb46208e340cc3,376,CCOC(=O)C1CCN(C(=O)CNC(=O)c2nn(-c3ccc(OC)cc3)c(=O)c3ccccc23)CC1,36,407,0.0,ok,,equivalent,normalized_graph_identity,True,True,True,True,True,CCOC(=O)C1CCN(C(=O)CNC(=O)c2nn(-c3ccc(OC)cc3)c(=O)c3ccccc23)CC1,24.722956999539747
60,geom-drugs-a2bd4fe02d465b13-c0,a2bd4fe02d465b13,0,COc1ccccc1-n1c(SCC(=O)Nc2ccc(NC(C)=O)cc2)nc2c([nH]c3ccccc32)c1=O,37,78,0.0,ok,,equivalent,normalized_graph_identity,True,True,True,True,True,COc1ccccc1-n1c(SCC(=O)Nc2ccc(NC(C)=O)cc2)nc2c([nH]c3ccccc32)c1=O,24.962789000710472
61,geom-drugs-7f4366432bdb6b61-c0,7f4366432bdb6b61,0,COc1ccc(C(=O)NC(C)CCc2ccccc2)c(OC)c1,23,93,0.0,ok,,equivalent,normalized_graph_identity,True,True,False,True,True,COc1ccc(C(=O)N[C@H](C)CCc2ccccc2)c(OC)c1,17.25008399989747
62,geom-drugs-3bf1adcd4c659664-c0,3bf1adcd4c659664,0,CN(C)CCC1Sc2ccccc2Oc2ccccc21,20,67,0.0,ok,,equivalent,normalized_graph_identity,True,True,False,True,True,CN(C)CC[C@H]1Sc2ccccc2Oc2ccccc21,15.941974001179915
63,geom-drugs-dc2faa134cd0bf79-c0,dc2faa134cd0bf79,0,CC(=O)Oc1ccc(C(=O)[C@H]2[C@H]3C(=O)N(c4cccc5ccccc45)C(=O)[C@H]3[C@@H]3C=CC=NN32)cc1,36,51,0.0,ok,,equivalent,normalized_graph_identity,True,True,True,True,True,CC(=O)Oc1ccc(C(=O)[C@H]2[C@H]3C(=O)N(c4cccc5ccccc45)C(=O)[C@H]3[C@@H]3C=CC=NN32)cc1,25.01713800120342
64,geom-drugs-e756ec5259f3a883-c43,e756ec5259f3a883,43,Cc1c(C(=O)N2CCN(c3ccc([N+](=O)[O-])cc3)CC2)sc2ncn(CC(=O)N3CCOCC3)c(=O)c12,37,77,0.0,ok,,equivalent,normalized_graph_identity,True,True,True,True,True,Cc1c(C(=O)N2CCN(c3ccc([N+](=O)[O-])cc3)CC2)sc2ncn(CC(=O)N3CCOCC3)c(=O)c12,25.256144999730168
65,geom-drugs-dae7591f4fdc482a-c0,dae7591f4fdc482a,0,Cc1nn(Cc2c(Cl)cccc2Cl)c(C)c1NC(=O)/C=C/c1cnn(C)c1C,28,53,0.0,ok,,equivalent,normalized_graph_identity,True,True,False,True,True,Cc1nn(Cc2c(Cl)cccc2Cl)c(C)c1NC(=O)C=Cc1cnn(C)c1C,19.713043000592734
66,geom-drugs-6b15dc4c6acfd409-c0,6b15dc4c6acfd409,0,O=C(NC1CCCCC1)C(c1ccc(F)cc1)N(Cc1ccco1)C(=O)CN1C(=O)c2ccccc2S1(=O)=O,39,160,0.0,ok,,equivalent,normalized_graph_identity,True,False,False,True,True,O=C(NC1CCCCC1)[C@H](c1ccc(F)cc1)N(Cc1ccco1)C(=O)CN1C(=O)c2ccccc2[S+2]1([O-])[O-],26.866538000831497
67,geom-drugs-faf23a0a88568704-c0,faf23a0a88568704,0,CCN(CC)CCCNC(CC(=O)Nc1cccc([N+](=O)[O-])c1)C(=O)O,26,212,0.0,ok,,equivalent,normalized_graph_identity,True,True,False,True,True,CCN(CC)CCCN[C@@H](CC(=O)Nc1cccc([N+](=O)[O-])c1)C(=O)O,18.19043100113049
68,geom-drugs-cf1d8562e256fd4a-c0,cf1d8562e256fd4a,0,Cc1ccc(-c2cc(-c3ccccc3)no2)c(O)c1,19,4,0.0,ok,,equivalent,normalized_graph_identity,True,True,True,True,True,Cc1ccc(-c2cc(-c3ccccc3)no2)c(O)c1,13.83780200012552
69,geom-drugs-044d9bbdccd45964-c0,044d9bbdccd45964,0,CNC(=S)N1CCC(NC(=O)C(Cc2ccc(F)cc2)NC(C)=O)CC1,26,70,0.0,ok,,equivalent,normalized_graph_identity,True,True,False,True,True,CNC(=S)N1CCC(NC(=O)[C@H](Cc2ccc(F)cc2)NC(C)=O)CC1,18.778276000375627
70,geom-drugs-0882dda75611b2be-c0,0882dda75611b2be,0,Cc1c(Br)c([N+](=O)[O-])nn1CC(=O)Nc1ccc(Cc2ccncc2)cc1,27,11,0.0,ok,,equivalent,normalized_graph_identity,True,True,True,True,True,Cc1c(Br)c([N+](=O)[O-])nn1CC(=O)Nc1ccc(Cc2ccncc2)cc1,18.359707999479724
71,geom-drugs-f92d10f101846a26-c0,f92d10f101846a26,0,Cc1nc(-c2cccc(NC(=O)c3cccs3)c2)cs1,20,14,0.0,ok,,equivalent,normalized_graph_identity,True,True,True,True,True,Cc1nc(-c2cccc(NC(=O)c3cccs3)c2)cs1,14.352128999234992
72,geom-drugs-f74ba76e1df163f2-c0,f74ba76e1df163f2,0,O=C(Nc1ccccc1)Nc1ccno1,15,6,0.0,ok,,equivalent,normalized_graph_identity,True,True,True,True,True,O=C(Nc1ccccc1)Nc1ccno1,11.04249499985599
73,geom-drugs-a718bad206203b68-c0,a718bad206203b68,0,O=C(Nc1ccc(F)cc1)C1CCCN1S(=O)(=O)c1cccc2nsnc12,27,31,0.0,ok,,equivalent,normalized_graph_identity,True,False,False,True,True,O=C(Nc1ccc(F)cc1)[C@@H]1CCCN1[S+2]([O-])([O-])c1cccc2nsnc12,18.740347999482765
74,geom-drugs-39afffc9a782f030-c0,39afffc9a782f030,0,CCN(CC)CCOC(=O)c1ccc(N/C=C(/C#N)c2nc(-c3ccc(OC)c(OC)c3)cs2)cc1,36,318,0.0,ok,,equivalent,normalized_graph_identity,True,True,False,True,True,CCN(CC)CCOC(=O)c1ccc(NC=C(C#N)c2nc(-c3ccc(OC)c(OC)c3)cs2)cc1,26.718692999565974
75,geom-drugs-6f22a8a1a45a8f99-c0,6f22a8a1a45a8f99,0,CCC(C)C(=O)OC1CC2(C)C(c3ccoc3)OC(=O)CC23OC2(C)OC34C(OC(C)=O)C3(O)C(OC(=O)C5(C)OC5C)C5(C)CC3(O)C(C)(C5CC(=O)OC)C14O2,58,173,0.0,ok,,equivalent,normalized_graph_identity,True,True,False,True,True,CC[C@H](C)C(=O)O[C@H]1C[C@@]2(C)[C@H](c3ccoc3)OC(=O)C[C@@]23O[C@]2(C)O[C@]34[C@@H](OC(C)=O)[C@@]3(O)[C@H](OC(=O)[C@]5(C)O[C@@H]5C)[C@]5(C)C[C@@]3(O)[C@@](C)([C@H]5CC(=O)OC)[C@]14O2,40.44082299878937
76,geom-drugs-b0732eb86c3a3bb2-c209,b0732eb86c3a3bb2,209,COc1ccc(CCNC(=O)c2cc3c(=O)n4cccc(C)c4nc3n(CCCN3CCOCC3)c2=N)cc1,39,229,0.0,ok,,equivalent,normalized_graph_identity,True,False,True,True,True,[H]N=c1c(C(=O)NCCc2ccc(OC)cc2)cc2c(=O)n3cccc(C)c3nc2n1CCCN1CCOCC1,30.3312289997848
77,geom-drugs-c1de119f3ab63c9f-c252,c1de119f3ab63c9f,252,C#CCOCCOCCOCCNc1nc(N2CCN(C(=O)[C@H](Cc3ccc(O)cc3)n3cc(C(N)CC(C)C)nn3)CC2)nc(N2CCN(C(=O)[C@H](CCC(=O)O)n3cc(C(N)[C@H](C)CC)nn3)CC2)n1,72,253,0.0,ok,,not_equivalent,none,False,False,False,True,True,C#CCOCCOCCOCCNc1nc(N2CCN(C(=O)[C@H](Cc3ccc(O)cc3)n3cc([C@H]([NH3+])CC(C)C)nn3)CC2)nc(N2CCN(C(=O)[C@H](CCC(=O)[O-])n3cc([C@@H](N)[C@H](C)CC)nn3)CC2)n1,43.20557699975325
78,geom-drugs-2a21af1153d891db-c0,2a21af1153d891db,0,O=C(NCc1cccs1)C1CC(c2ccc(Cl)c(Cl)c2)=NO1,22,21,0.0,ok,,equivalent,normalized_graph_identity,True,True,False,True,True,O=C(NCc1cccs1)[C@@H]1CC(c2ccc(Cl)c(Cl)c2)=NO1,17.64221300072677
79,geom-drugs-a23cf3b6b8831ede-c0,a23cf3b6b8831ede,0,Cc1c(CN2CCC(n3nccc3NC(=O)c3cccc(F)c3)CC2)cnn1C,29,149,0.0,ok,,equivalent,normalized_graph_identity,True,True,True,True,True,Cc1c(CN2CCC(n3nccc3NC(=O)c3cccc(F)c3)CC2)cnn1C,22.917464000784094
80,geom-drugs-1faea117cb979550-c0,1faea117cb979550,0,C/C(=C/C(=O)N1CCc2ccccc21)C(=O)O,17,14,0.0,ok,,equivalent,normalized_graph_identity,True,True,False,True,True,CC(=CC(=O)N1CCc2ccccc21)C(=O)O,12.406343999828096
81,geom-drugs-48867096bceadfa4-c0,48867096bceadfa4,0,CO[C@H]1C[C@H](O[C@H]2[C@H](C)O[C@@H](O[C@@H]3/C(C)=C/C[C@@H]4C[C@@H](C[C@]5(C=C[C@H](C)[C@@H](C6CCCCC6)O5)O4)OC(=O)[C@@H]4C=C(C)[C@@H](O)[C@H]5OC/C(=C\C=C\[C@@H]3C)[C@]54O)C[C@@H]2OC)O[C@@H](C)[C@@H]1O,64,407,0.0,ok,,equivalent,normalized_graph_identity,True,True,False,True,True,CO[C@H]1C[C@H](O[C@H]2[C@H](C)O[C@@H](O[C@@H]3C(C)=CC[C@@H]4C[C@@H](C[C@]5(C=C[C@H](C)[C@@H](C6CCCCC6)O5)O4)OC(=O)[C@@H]4C=C(C)[C@@H](O)[C@H]5OCC(=CC=C[C@@H]3C)[C@]54O)C[C@@H]2OC)O[C@@H](C)[C@@H]1O,47.701849000077345
82,geom-drugs-63d1d0fe86197812-c0,63d1d0fe86197812,0,CC[C@H](C)[C@H](NC(=O)[C@H](Cc1ccc(O)cc1)NC(=O)[C@@H](NC(=O)[C@H](CCCNC(=N)N)NC(=O)[C@@H](N)CC(=O)O)C(C)C)C(=O)N[C@@H](Cc1c[nH]cn1)C(=O)N1CCC[C@H]1C(=O)N[C@@H](Cc1ccccc1)C(=O)O,75,162,0.0,ok,,not_equivalent,none,False,False,False,True,True,CC[C@H](C)[C@H](NC(=O)[C@H](Cc1ccc(O)cc1)NC(=O)[C@@H](NC(=O)[C@@H]1CCCNC(N)=[NH+]C(O)(O)C[C@H](N)C(=O)N1)C(C)C)C(=O)N[C@@H](Cc1c[nH]cn1)C(=O)N1CCC[C@H]1C(=O)N[C@@H](Cc1ccccc1)C(=O)[O-],32.520950999241904
83,geom-drugs-a63d22e7c62c6e45-c0,a63d22e7c62c6e45,0,Cc1ccc(NC(=O)CCCc2c[nH]c3ccccc23)nc1,22,30,0.0,ok,,equivalent,normalized_graph_identity,True,True,True,True,True,Cc1ccc(NC(=O)CCCc2c[nH]c3ccccc23)nc1,17.0733979994111
84,geom-drugs-41f1a60cc527e624-c18,41f1a60cc527e624,18,NNC(=O)CNC(=O)c1ccccc1F,15,25,0.0,ok,,equivalent,normalized_graph_identity,True,True,True,True,True,NNC(=O)CNC(=O)c1ccccc1F,10.509009000088554
85,geom-drugs-5f44ac040798c1c7-c0,5f44ac040798c1c7,0,C#CCOCCOCCOCCNc1nc(N2CCN(C(=O)[C@H]([C@@H](C)CC)n3cc([C@@H](N)Cc4ccc(O)cc4)nn3)CC2)nc(N2CCN(C(=O)[C@H](Cc3cc4ccccc4[nH]3)n3cc([C@@H](N)C(C)CC)nn3)CC2)n1,77,217,0.0,ok,,equivalent,normalized_graph_identity,True,True,False,True,True,C#CCOCCOCCOCCNc1nc(N2CCN(C(=O)[C@H]([C@@H](C)CC)n3cc([C@@H](N)Cc4ccc(O)cc4)nn3)CC2)nc(N2CCN(C(=O)[C@H](Cc3cc4ccccc4[nH]3)n3cc([C@@H](N)[C@@H](C)CC)nn3)CC2)n1,59.625287000017124
86,geom-drugs-7f3668bf8b36bec8-c0,7f3668bf8b36bec8,0,Clc1ccc(Nc2ncn[nH]2)cc1,13,2,0.0,ok,,equivalent,normalized_graph_identity,True,True,True,True,True,Clc1ccc(Nc2ncn[nH]2)cc1,10.792748000312713
87,geom-drugs-1324fd0f2a928406-c0,1324fd0f2a928406,0,COc1ccc(-c2nn(C)c(=O)c3ccccc23)cc1NC(=O)Cn1nc(C)c2ccccc2c1=O,36,70,0.0,ok,,equivalent,normalized_graph_identity,True,True,True,True,True,COc1ccc(-c2nn(C)c(=O)c3ccccc23)cc1NC(=O)Cn1nc(C)c2ccccc2c1=O,24.622105998787447
88,geom-drugs-285bb16416c86d1a-c121,285bb16416c86d1a,121,CC(=O)O[C@@]12CO[C@@H]1C[C@H](OC1OCC(O)C(O)C1O)[C@@]1(C)C(=O)[C@H](O)C3=C(C)[C@@H](OC(=O)[C@H](O)[C@@H](NC(=O)c4ccccc4)c4ccccc4)C[C@@](O)([C@@H](OC(=O)c4ccccc4)C12)C3(C)C,68,180,0.0,ok,,equivalent,normalized_graph_identity,True,True,False,True,True,CC(=O)O[C@@]12CO[C@@H]1C[C@H](O[C@@H]1OC[C@H](O)[C@H](O)[C@H]1O)[C@@]1(C)C(=O)[C@H](O)C3=C(C)[C@@H](OC(=O)[C@H](O)[C@@H](NC(=O)c4ccccc4)c4ccccc4)C[C@@](O)([C@@H](OC(=O)c4ccccc4)[C@H]21)C3(C)C,46.425627999269636
89,geom-drugs-7460a963e0c28a06-c108,7460a963e0c28a06,108,C=CCCCCCCCC(=O)OC,13,1992,0.0,ok,,equivalent,normalized_graph_identity,True,True,True,True,True,C=CCCCCCCCC(=O)OC,10.690760998841142
90,geom-drugs-e31f067ccb4627d8-c213,e31f067ccb4627d8,213,CCN1CCN(Cc2ccc(Nc3ncc(F)c(-c4cc(F)c5nc(C)n(C(C)C)c5c4)n3)nc2)CC1,37,237,0.0,ok,,equivalent,normalized_graph_identity,True,True,True,True,True,CCN1CCN(Cc2ccc(Nc3ncc(F)c(-c4cc(F)c5nc(C)n(C(C)C)c5c4)n3)nc2)CC1,27.61011800066626
91,geom-drugs-6884540194a448bb-c0,6884540194a448bb,0,Cc1ccc(-c2nn[nH]n2)o1,11,2,0.0,ok,,equivalent,normalized_graph_identity,True,True,True,True,True,Cc1ccc(-c2nn[nH]n2)o1,9.120733999225195
92,geom-drugs-503a7926480f4546-c0,503a7926480f4546,0,COc1ccc(CNC(=O)C/C(C)=N/NC(=O)COc2cccc(C)c2)cc1,28,367,0.0,ok,,equivalent,normalized_graph_identity,True,True,False,True,True,COc1ccc(CNC(=O)CC(C)=NNC(=O)COc2cccc(C)c2)cc1,19.395004001125926
93,geom-drugs-013ab33da1d2a82d-c0,013ab33da1d2a82d,0,NNC(=O)CCc1ccc(S(=O)(=O)N2CCOCC2)cc1,21,98,0.0,ok,,equivalent,normalized_graph_identity,True,False,True,True,True,NNC(=O)CCc1ccc([S+2]([O-])([O-])N2CCOCC2)cc1,15.697671999078011
94,geom-drugs-1a447a7c3ac3ef31-c0,1a447a7c3ac3ef31,0,O=C(CCNC(=O)N1CC(=O)Nc2ccccc21)Nc1ccc(F)c(Cl)c1,27,41,0.0,ok,,equivalent,normalized_graph_identity,True,True,True,True,True,O=C(CCNC(=O)N1CC(=O)Nc2ccccc21)Nc1ccc(F)c(Cl)c1,17.558331999680377
95,geom-drugs-972e2ac0f4db11d5-c0,972e2ac0f4db11d5,0,COc1ccc(NC(=O)Nc2cc(C)ccc2F)cc1,20,17,0.0,ok,,equivalent,normalized_graph_identity,True,True,True,True,True,COc1ccc(NC(=O)Nc2cc(C)ccc2F)cc1,14.814886000749539
96,geom-drugs-798a12c598a808c5-c0,798a12c598a808c5,0,Cc1cc(C)n2c(SCCC(C)C)nnc2n1,17,36,0.0,ok,,equivalent,normalized_graph_identity,True,True,True,True,True,Cc1cc(C)n2c(SCCC(C)C)nnc2n1,17.116246001023683
97,geom-drugs-4df04cf18be34240-c0,4df04cf18be34240,0,CC1(C)Cc2ccccc2C(=O)N1,13,1,0.0,ok,,equivalent,normalized_graph_identity,True,True,True,True,True,CC1(C)Cc2ccccc2C(=O)N1,13.142124000296462
98,geom-drugs-e007170661f9e147-c0,e007170661f9e147,0,COc1cccc(C(=O)N/N=C/c2ccc(OC3CSC3)cc2)c1,24,54,0.0,ok,,equivalent,normalized_graph_identity,True,True,False,True,True,COc1cccc(C(=O)NN=Cc2ccc(OC3CSC3)cc2)c1,19.83380199999374
99,geom-drugs-65a3ae645bd5d4d3-c0,65a3ae645bd5d4d3,0,O=C(CCc1nnc2n(Cc3ccc(Cl)cc3)c(=O)c3ccccc3n12)NCCCN1CCOCC1,36,229,0.0,ok,,equivalent,normalized_graph_identity,True,True,True,True,True,O=C(CCc1nnc2n(Cc3ccc(Cl)cc3)c(=O)c3ccccc3n12)NCCCN1CCOCC1,28.737066999383387
100,geom-drugs-195028e08cc1666b-c0,195028e08cc1666b,0,CO[C@H]1C(=O)[C@]2(C)[C@@H](OC)C[C@H]3OC[C@@]3(OC(C)=O)[C@H]2[C@H](OC(=O)c2ccccc2)[C@]2(O)C[C@H](OC(=O)[C@H](O)[C@@H](NC(=O)OC(C)(C)C)c3ccccc3)C(C)=C1C2(C)C,60,191,0.0,ok,,equivalent,normalized_graph_identity,True,True,True,True,True,CO[C@H]1C(=O)[C@]2(C)[C@@H](OC)C[C@H]3OC[C@@]3(OC(C)=O)[C@H]2[C@H](OC(=O)c2ccccc2)[C@]2(O)C[C@H](OC(=O)[C@H](O)[C@@H](NC(=O)OC(C)(C)C)c3ccccc3)C(C)=C1C2(C)C,47.11804099861183
